UserID,Name,Email,Age,Gender,JoinDate,MembershipLevel
1,Philip Owens,gpeterson@example.com,20,Female,02-13-09,Gold
2,Steve Adams,mike22@example.net,46,Male,06-17-04,Gold
3,William Avila,mmoody@example.com,76,Other,12-03-09,Premium
4,David Hall,taylorheather@example.net,43,Other,03-10-04,Basic
5,Stephen Mathews,nguyendawn@example.com,22,Other,01-13-14,Basic
6,Anthony Salazar,sedwards@example.org,66,Other,04-22-07,Platinum
7,Ryan Stafford,patrick12@example.net,63,Female,04-29-16,Gold
8,William Friedman,gregorywilson@example.com,31,Female,07-05-16,Platinum
9,Haley Jackson,stephanie78@example.org,33,Other,12-15-18,Platinum
10,Elizabeth Mills,april01@example.org,65,Male,05-08-20,Gold
11,Eric Klein,fmartinez@example.org,44,Male,08-06-09,Basic
12,Cody Peterson,tadkins@example.net,25,Other,10-20-19,Premium
13,Brandi Cox,wperez@example.org,24,Non-Binary,02-16-03,Gold
14,Charles Harris,nicolepalmer@example.com,42,Non-Binary,08-24-00,Basic
15,Christopher Gutierrez,fhunter@example.com,39,Male,10-06-01,Platinum
16,Stacey Williams,stephanie84@example.org,53,Non-Binary,08-11-06,Basic
17,Dorothy Chandler,tcole@example.net,71,Male,07-08-12,Platinum
18,Nancy Robinson,lwilliams@example.org,21,Male,11-01-01,Gold
19,Natalie Simon,pamelastout@example.com,22,Other,09-14-05,Platinum
20,Paula Davis,brianjohnson@example.com,55,Male,05-11-15,Gold
21,Amanda Flynn,mallen@example.net,77,Non-Binary,03-09-08,Premium
22,Michael Baker,jacksonmichael@example.com,51,Other,07-06-12,Platinum
23,Daniel Allen,mmurphy@example.net,30,Non-Binary,11-25-07,Gold
24,Jacob Lee,nicholas58@example.com,26,Male,05-05-20,Platinum
25,Kristin James,jessica43@example.net,50,Male,11-24-11,Gold
26,Sophia Mcgee,fcoleman@example.com,25,Male,05-14-15,Gold
27,Joseph Bennett,hendrixolivia@example.org,47,Non-Binary,10-31-20,Basic
28,Rachael Alvarez,jeffreyholmes@example.org,49,Other,10-23-17,Gold
29,Brandon Schmidt,hrobles@example.com,30,Male,06-18-12,Platinum
30,Rhonda Torres,jillian34@example.com,43,Other,07-06-23,Gold
31,Katelyn Green,anthony74@example.net,42,Male,06-30-03,Gold
32,Michael Freeman,hector99@example.net,38,Female,11-08-16,Platinum
33,Brian Peterson,smithrebecca@example.com,77,Female,02-28-13,Platinum
34,Heidi Frye,nhayden@example.org,56,Female,11-23-00,Basic
35,Sandra Robinson,denisepugh@example.org,35,Other,09-14-01,Basic
36,Susan Dalton,jeffreyfrancis@example.net,73,Female,05-04-11,Premium
37,James Larson,randy26@example.com,25,Female,03-06-08,Premium
38,Peter Weber,billy18@example.net,41,Male,12-01-00,Platinum
39,Amy White,nicholas23@example.org,80,Male,04-11-11,Premium
40,April Mccarthy,fcrawford@example.com,32,Female,08-01-05,Premium
41,Leslie Santana,pbrewer@example.net,80,Other,03-20-19,Premium
42,Morgan Christensen,inicholson@example.org,69,Other,05-29-06,Basic
43,Daniel Murray,jennifer16@example.org,46,Non-Binary,09-23-03,Basic
44,William Murray,andrew14@example.com,36,Male,07-29-14,Premium
45,Paul Baker,russellgoodman@example.com,51,Other,10-19-08,Platinum
46,Caitlyn Walker,lisa70@example.com,51,Male,08-11-12,Basic
47,Gail Parker,bsavage@example.com,23,Female,08-29-21,Gold
48,Cathy Carr,brettmeyer@example.com,77,Male,01-31-14,Gold
49,Madison Malone,donna51@example.com,55,Female,02-19-21,Basic
50,Lisa Andrews,john29@example.net,36,Male,10-28-15,Platinum
51,Melvin Jackson,crawfordcourtney@example.net,79,Other,12-02-04,Premium
52,David Livingston,kathleenherrera@example.org,58,Male,08-10-21,Platinum
53,Virginia Gibson,james94@example.com,18,Non-Binary,12-06-17,Premium
54,Jose Roman,joelatkins@example.net,54,Female,06-19-11,Gold
55,Matthew Gutierrez,heidi88@example.net,33,Female,05-23-23,Gold
56,Steven Mendoza,melissa15@example.net,44,Other,01-04-17,Premium
57,Brian Moyer,petersondeborah@example.net,50,Other,01-13-08,Basic
58,Lori Patterson,qjohnson@example.org,41,Male,10-29-06,Basic
59,Courtney Jimenez,jdennis@example.org,60,Female,11-06-04,Premium
60,Dana Mullins,elizabeththomas@example.com,53,Male,11-30-03,Gold
61,Thomas Hall,bonniemason@example.net,23,Non-Binary,03-24-22,Platinum
62,Todd Smith,psalas@example.org,76,Other,02-15-00,Basic
63,Cynthia White,sean28@example.com,73,Male,12-12-02,Basic
64,Cynthia Ford DDS,aaron52@example.com,50,Male,12-18-01,Gold
65,Crystal Horn,pgraham@example.com,49,Female,01-26-08,Platinum
66,Monica Daniels,jamesthomas@example.org,54,Male,08-26-00,Gold
67,Maria Ponce,louisnelson@example.com,36,Non-Binary,04-28-10,Premium
68,Brian Johnson,jamie59@example.com,19,Male,09-27-23,Gold
69,Kelli Ford,nielsenjames@example.com,57,Non-Binary,06-21-17,Platinum
70,Cameron Hull,lawrencebenjamin@example.com,63,Non-Binary,12-10-20,Platinum
71,Rhonda Lewis,schneiderwilliam@example.net,67,Female,01-03-07,Gold
72,Robin Gray,christopherweaver@example.com,30,Female,09-18-24,Basic
73,Robert Livingston,robertnorman@example.org,52,Other,10-17-06,Platinum
74,James Mack,vlowery@example.org,45,Male,09-12-21,Basic
75,Robert Delgado,hbuck@example.org,76,Female,01-03-12,Premium
76,Andrew Kemp,kcochran@example.com,70,Male,10-08-02,Platinum
77,William Gordon,stevearmstrong@example.com,70,Female,10-18-12,Basic
78,Frank Jackson,florescolin@example.com,52,Female,03-11-16,Premium
79,Jessica Campbell,jessicaprince@example.org,73,Female,06-25-00,Premium
80,Stephanie Bridges,yrubio@example.org,24,Female,09-26-07,Gold
81,Matthew Little,ethan85@example.com,78,Female,05-24-09,Premium
82,Catherine Higgins,randy40@example.com,27,Female,08-27-15,Basic
83,Danielle Fisher,wrightkerri@example.com,48,Female,02-25-09,Platinum
84,Sue Farrell,zgarcia@example.com,29,Male,06-28-12,Basic
85,Brittany Fisher MD,camerontiffany@example.net,40,Male,06-13-09,Basic
86,Shane Peterson,deborahgarcia@example.net,27,Non-Binary,05-18-16,Basic
87,Christopher Garcia,tmcgee@example.net,42,Non-Binary,06-18-20,Platinum
88,Zachary Dunn,normagomez@example.net,65,Other,01-16-05,Gold
89,Dawn Walters,garzasarah@example.com,72,Male,05-27-07,Basic
90,Gail Cooper,iorozco@example.net,33,Female,09-03-00,Basic
91,Michelle Velasquez,angelalove@example.org,71,Male,07-05-12,Platinum
92,Denise Sanders,thomasbrandy@example.net,23,Male,08-12-00,Premium
93,Lauren Perry,kmay@example.org,28,Female,10-24-23,Premium
94,Sarah Torres,stephen57@example.net,41,Other,06-28-00,Basic
95,Carla Jones,sandersjacqueline@example.org,57,Male,02-07-01,Basic
96,Craig Barnes,marc44@example.org,41,Other,06-23-23,Gold
97,Sharon Rice,susan27@example.org,54,Female,06-09-03,Gold
98,Christopher Moore,dawntorres@example.com,71,Non-Binary,08-08-24,Premium
99,John Gomez,operry@example.org,38,Female,07-04-06,Basic
100,Joshua Robinson,joel91@example.net,45,Other,06-03-03,Basic
101,Nicholas Tyler,garciakenneth@example.org,51,Male,09-03-12,Basic
102,Alexandria Kennedy,peterwilliams@example.org,53,Non-Binary,06-05-08,Basic
103,Michael Alexander,christophernguyen@example.net,28,Non-Binary,12-15-07,Premium
104,Laurie Flores,matthew09@example.net,40,Female,10-05-12,Premium
105,Cynthia Manning,bakerdaniel@example.com,74,Male,06-03-09,Gold
106,Matthew Perry,uchen@example.org,57,Male,07-31-24,Gold
107,Michele Meyer,parkerjason@example.net,28,Female,08-30-02,Premium
108,Ashley Meyer,nfletcher@example.net,66,Other,08-22-19,Premium
109,Christopher Cole,tquinn@example.org,51,Male,07-21-19,Premium
110,Todd Tucker,bautistajessica@example.com,56,Female,12-21-14,Basic
111,Jeffrey Charles,calvin79@example.net,57,Non-Binary,02-03-19,Platinum
112,Erin Walker,xphillips@example.org,45,Male,04-22-18,Platinum
113,Randall Wright,imiller@example.org,18,Male,10-09-13,Premium
114,David Snow,frobinson@example.com,47,Male,01-02-21,Gold
115,Ryan Hubbard,morganmcmahon@example.net,26,Female,05-07-14,Platinum
116,Dr. Jennifer Rodriguez,tracy99@example.net,70,Non-Binary,06-09-18,Gold
117,Shirley Russell,duncanisaac@example.net,79,Other,02-13-14,Basic
118,Kimberly Harris,kyle80@example.com,80,Female,01-14-02,Premium
119,Jacob Cunningham,wayne92@example.com,31,Male,03-21-16,Gold
120,Andrew Mason,rthomas@example.net,27,Non-Binary,04-22-05,Platinum
121,Dr. Ryan Lewis,smithjohn@example.net,18,Female,04-16-19,Premium
122,Beth Conrad,heather68@example.com,47,Non-Binary,07-28-01,Basic
123,Mark Torres,feliciashields@example.net,45,Non-Binary,05-19-02,Basic
124,Brenda Christian,kathleen93@example.net,30,Non-Binary,12-04-06,Basic
125,Alexander Daniels,mike20@example.com,65,Female,05-19-17,Premium
126,Elizabeth Henry,maria82@example.net,23,Male,06-14-16,Premium
127,Matthew Gould,lindsey21@example.net,60,Non-Binary,08-13-05,Basic
128,Michael Carter,andrea90@example.org,29,Other,08-23-15,Basic
129,Kendra Miller,ejohnson@example.net,26,Male,06-18-02,Platinum
130,Charles Phillips,hmartin@example.net,79,Female,04-03-04,Basic
131,Kristen Foster,ccooper@example.com,70,Non-Binary,04-05-00,Premium
132,William Lee,smithdylan@example.com,71,Other,05-06-07,Basic
133,Veronica Foster,kimberlyvasquez@example.net,78,Male,06-09-17,Platinum
134,Jennifer Mullen DVM,mcollier@example.org,72,Male,02-21-02,Basic
135,Kathryn Murray,reneewise@example.net,60,Female,05-30-24,Basic
136,Lori Jenkins,heathersanchez@example.net,39,Other,05-19-18,Platinum
137,Amanda Schultz,rgray@example.com,29,Male,05-17-21,Platinum
138,James Harris,jamesnicholas@example.com,59,Male,06-08-24,Platinum
139,Erin Green,wardcheryl@example.com,26,Female,10-26-05,Platinum
140,Peter Blake,kevinbell@example.org,21,Female,07-22-13,Premium
141,Michael Williams,jonathan86@example.com,24,Male,08-21-03,Platinum
142,David Houston,vhaas@example.com,21,Other,05-02-17,Platinum
143,Patrick Armstrong,jamesbowers@example.net,27,Male,07-11-13,Premium
144,Leonard Khan,wfisher@example.com,80,Other,05-29-03,Gold
145,Gregory Murray,edwardstimothy@example.org,19,Female,04-09-12,Premium
146,Wayne Cox,stewartcharles@example.org,44,Female,07-29-01,Premium
147,Jacob Vasquez,jessica39@example.org,75,Other,11-23-15,Basic
148,Marcus Perez,barbaralopez@example.org,33,Female,05-29-13,Premium
149,John Stein,walterdustin@example.org,56,Non-Binary,02-13-19,Platinum
150,Ryan Hobbs,kimberlyhill@example.org,43,Other,07-21-19,Basic
151,Faith Edwards,idennis@example.com,38,Other,08-22-11,Basic
152,James Thompson,dayrobert@example.org,26,Non-Binary,09-23-05,Platinum
153,David Watson MD,burkedennis@example.org,37,Non-Binary,06-09-03,Basic
154,Linda Garcia,brocklaura@example.net,35,Other,04-24-17,Platinum
155,Julie Higgins,isexton@example.net,30,Female,03-17-10,Platinum
156,Faith Miller,jack31@example.org,45,Non-Binary,08-22-19,Platinum
157,Craig Jones,amanda44@example.com,25,Non-Binary,06-26-16,Platinum
158,Michael Mason,joshuawagner@example.net,67,Female,09-20-09,Gold
159,Tammy Rodgers,omejia@example.org,35,Female,08-15-00,Platinum
160,Joshua Haney,zdunlap@example.net,59,Other,07-05-03,Premium
161,Brittney Carlson,kellynoble@example.com,57,Other,03-06-07,Gold
162,Caleb Moses,beth62@example.net,48,Female,09-13-06,Gold
163,Frank Madden,vcooper@example.net,40,Other,11-05-02,Platinum
164,Janet Anderson,abigailpineda@example.com,30,Male,06-28-10,Premium
165,Caitlin Taylor,jacqueline60@example.com,31,Other,12-01-14,Gold
166,Ann Smith DVM,linda79@example.com,19,Non-Binary,03-08-14,Premium
167,Teresa Murray,smithemily@example.org,62,Male,10-10-12,Gold
168,Matthew Ramirez,caleb80@example.org,62,Female,03-10-08,Platinum
169,Cory Hill,vmorgan@example.com,19,Other,01-11-01,Premium
170,Mackenzie Adams,christopher38@example.org,76,Non-Binary,06-03-01,Gold
171,Brianna Jones,imayer@example.com,21,Other,03-24-12,Platinum
172,Zachary Carney,meagan75@example.com,29,Female,04-04-17,Basic
173,Joyce Cook,tracy96@example.com,19,Non-Binary,03-30-21,Premium
174,Michelle May,jessicaryan@example.net,79,Non-Binary,01-03-09,Platinum
175,Charles Hill,normancharles@example.net,33,Male,03-13-20,Premium
176,Bailey Phillips,joel74@example.com,52,Female,08-04-09,Basic
177,Matthew Stewart Jr.,lsalazar@example.net,50,Non-Binary,08-22-08,Premium
178,Kenneth Jenkins,hannah65@example.net,62,Non-Binary,03-16-01,Platinum
179,John Mcconnell,lewisjeremy@example.net,73,Other,02-13-01,Gold
180,Megan Wilson,heathersimmons@example.net,40,Non-Binary,10-09-03,Premium
181,Troy Mcdaniel,sbaker@example.org,51,Other,02-22-03,Gold
182,William Thomas,calvinsanchez@example.net,63,Non-Binary,04-28-18,Premium
183,Matthew Smith,josephbenson@example.com,59,Male,10-14-06,Gold
184,Tammy Smith,charles53@example.org,36,Female,10-14-10,Gold
185,John Ferrell,valerie19@example.com,50,Male,06-19-21,Platinum
186,Jodi Robinson,umiller@example.com,70,Non-Binary,09-22-20,Basic
187,Ryan Everett,zmartin@example.com,32,Other,03-15-10,Basic
188,Dustin Barber,christine85@example.net,29,Non-Binary,12-02-05,Platinum
189,Crystal Hughes,robertburke@example.com,32,Female,05-15-01,Premium
190,Sarah Thomas,robert29@example.net,30,Other,04-21-01,Platinum
191,Ethan Lewis,jacob68@example.org,68,Male,07-28-07,Gold
192,Dawn Garcia,jcoleman@example.org,29,Other,01-26-08,Gold
193,Sheila Townsend,lgilbert@example.net,30,Male,10-15-12,Basic
194,Daniel Phillips,jamierocha@example.com,52,Other,04-27-10,Platinum
195,Sharon Phillips,angela90@example.net,67,Non-Binary,01-04-21,Platinum
196,Joseph Gates,rachel10@example.org,36,Non-Binary,06-06-21,Premium
197,Amber Myers,glane@example.org,70,Non-Binary,05-07-11,Basic
198,Amy Farrell,josephsmith@example.com,31,Female,10-02-22,Platinum
199,Steven Wallace,edward45@example.org,56,Male,01-06-08,Basic
200,Mario Marsh,john69@example.net,28,Male,01-15-15,Premium
201,Andrew Williams,vraymond@example.net,71,Other,10-25-10,Gold
202,Anthony Obrien,jamieclayton@example.com,52,Female,07-17-09,Basic
203,Thomas Gill,webbdaniel@example.org,38,Other,10-13-06,Platinum
204,Andrea Potts,wolfmichelle@example.com,51,Male,09-27-07,Premium
205,Kathy Webb,jacobsmark@example.org,48,Female,08-01-08,Basic
206,Jon Trevino,alejandroholloway@example.org,43,Non-Binary,09-24-09,Basic
207,Kristy Thompson,sarah87@example.net,74,Other,01-31-07,Basic
208,Morgan Baker,ythornton@example.net,73,Female,08-05-17,Basic
209,Robert Walker,mckeelaura@example.org,43,Other,07-12-19,Premium
210,Sarah White,lauragarcia@example.net,65,Female,11-09-10,Platinum
211,Kimberly Marsh,jasonmendez@example.com,34,Male,12-29-12,Premium
212,Daniel Miller,iyoung@example.org,51,Non-Binary,08-28-05,Platinum
213,Leroy Vance,acostasteve@example.com,22,Other,06-24-20,Platinum
214,Donna Gill,robertjones@example.net,21,Non-Binary,04-11-21,Gold
215,Laura Bowman,katelynrhodes@example.com,59,Other,09-15-04,Gold
216,Debra Ruiz,charles49@example.org,61,Non-Binary,11-11-01,Gold
217,Tammy Barton,sonyavance@example.org,31,Male,11-02-04,Gold
218,Derek Hunter,amanda76@example.com,72,Female,01-25-20,Premium
219,Mary Diaz,darlenewalton@example.com,26,Other,03-17-00,Gold
220,Shawn Melton,grahamdavid@example.org,61,Other,06-08-11,Premium
221,Matthew Johnson,erinrose@example.com,37,Non-Binary,06-22-13,Basic
222,Alicia Jones,laura79@example.net,42,Female,03-29-14,Premium
223,Dan Payne,shannontate@example.org,46,Other,05-22-15,Basic
224,Regina Suarez,diazjames@example.com,73,Other,04-16-05,Premium
225,Gregory Chung,gavintaylor@example.org,65,Non-Binary,08-26-02,Platinum
226,David Campbell,karen22@example.org,62,Non-Binary,10-03-06,Basic
227,Mark Davis,donnaayers@example.net,54,Male,01-24-15,Platinum
228,Faith Taylor,johnsmichael@example.net,80,Non-Binary,10-03-13,Premium
229,Richard Miranda,pacesara@example.net,50,Other,04-06-24,Platinum
230,Melinda Collins,joshuaperez@example.com,28,Male,11-22-06,Premium
231,Brian Duncan,cody61@example.com,31,Male,07-30-03,Premium
232,Natasha Rosario,amanda31@example.com,40,Male,01-02-14,Platinum
233,Manuel David,betty19@example.net,67,Female,02-26-06,Basic
234,Benjamin Oliver,jjimenez@example.com,58,Male,02-20-19,Premium
235,Kelsey Phillips,mileserin@example.org,40,Other,05-06-02,Premium
236,Susan Hudson,stricklandarthur@example.net,46,Female,05-18-14,Basic
237,Kristin Horn,paul30@example.com,57,Non-Binary,04-24-23,Basic
238,Amanda Daniel,edwardsandre@example.com,61,Non-Binary,10-08-03,Gold
239,William Perry,teresa99@example.net,56,Other,09-13-10,Gold
240,Paul Stone,ythompson@example.com,67,Male,04-01-17,Premium
241,Steven Garrett,novaktabitha@example.net,68,Non-Binary,03-05-06,Basic
242,Jeremy Armstrong MD,zharris@example.com,19,Non-Binary,08-06-15,Basic
243,Deanna Wilcox,jill15@example.org,44,Non-Binary,08-04-05,Platinum
244,James Petersen,bhouston@example.net,45,Other,08-16-10,Premium
245,Brian Rogers DDS,tylerpreston@example.net,74,Other,06-24-24,Premium
246,Mark Miller,brownangela@example.com,47,Female,08-18-23,Platinum
247,William Robinson,deanthompson@example.org,35,Other,12-18-21,Gold
248,Jesus Thomas,andersonsamuel@example.net,61,Female,03-06-22,Platinum
249,Steven Wiley,garciamichelle@example.com,62,Male,02-07-03,Premium
250,Kevin Bond,lzavala@example.net,54,Female,05-27-11,Gold
251,Sara Romero,kellyflores@example.com,54,Other,11-25-02,Basic
252,Christopher Ochoa,zacharyjones@example.com,46,Non-Binary,04-03-00,Premium
253,Kevin Cook,vward@example.com,40,Female,12-16-10,Gold
254,Kelly Diaz,drakemark@example.com,30,Other,12-13-17,Premium
255,Kelsey Meyer,taylor93@example.com,65,Other,12-10-17,Gold
256,Sandra King,laurascott@example.com,40,Non-Binary,08-17-23,Premium
257,Cheyenne Price,ochaney@example.net,50,Other,12-04-08,Gold
258,Pamela Schmitt,donaldosborne@example.org,38,Non-Binary,02-26-19,Basic
259,Nathan Romero,smcdonald@example.org,56,Other,12-29-14,Platinum
260,Laura Boyd,davidpope@example.net,80,Female,09-30-14,Gold
261,Charles Webster,rangelbrooke@example.org,44,Non-Binary,10-01-07,Premium
262,Jennifer Brady,edward68@example.org,55,Non-Binary,07-30-10,Gold
263,Raymond Anderson,turnerzachary@example.com,68,Non-Binary,11-20-21,Platinum
264,Brittany Robinson,lisathompson@example.org,43,Female,02-10-19,Premium
265,John Lucas,rosschristopher@example.com,75,Female,04-15-16,Platinum
266,Jonathan Calhoun,johnsonhector@example.org,64,Male,10-12-09,Basic
267,Erica Gonzalez,brenda46@example.net,66,Female,08-21-18,Premium
268,Claudia Owens,wellison@example.net,53,Other,02-25-22,Gold
269,Brian Smith,walkerjose@example.com,28,Other,08-13-16,Gold
270,Julia Valencia DDS,margaret62@example.net,40,Other,10-14-17,Premium
271,Carl Davis,beckneil@example.com,62,Female,06-15-01,Basic
272,Tina Reyes,hlee@example.com,23,Other,10-06-00,Premium
273,Rachel Robinson,igraves@example.com,25,Non-Binary,02-25-09,Gold
274,Richard Turner,jasonmiller@example.org,21,Male,09-07-05,Platinum
275,Joan Mason,rosariocatherine@example.net,20,Non-Binary,08-26-13,Platinum
276,Matthew Smith,raymond22@example.org,78,Non-Binary,05-14-00,Basic
277,Jennifer Frederick,kevinlogan@example.org,35,Female,02-05-10,Premium
278,Kelly Fernandez,stephensjennifer@example.net,48,Non-Binary,10-02-10,Premium
279,Amy Parker,joseph05@example.com,54,Male,12-31-04,Platinum
280,Joanna Stevens,uortiz@example.net,37,Non-Binary,07-06-20,Basic
281,Kevin Ball,pagejonathan@example.org,55,Female,03-27-15,Platinum
282,Alan Knight,ashley64@example.net,58,Other,07-04-02,Platinum
283,Melissa Jacobs,bryantandres@example.net,62,Non-Binary,10-16-13,Gold
284,Deborah Meyer,josephlewis@example.org,73,Male,07-16-21,Basic
285,Karl Thomas,caseygabriella@example.org,43,Non-Binary,10-16-11,Gold
286,Candace Thomas,joshua04@example.com,39,Male,03-06-00,Platinum
287,Elizabeth Peterson,karen84@example.net,51,Other,12-06-09,Platinum
288,Perry Chen,james51@example.com,45,Non-Binary,01-04-23,Premium
289,Tracy Henderson,jwebster@example.com,69,Male,06-13-05,Basic
290,Erica Hinton,reynoldsjuan@example.org,69,Other,03-02-13,Platinum
291,Michael Rogers,marksaunders@example.org,25,Female,12-29-20,Premium
292,Travis Fischer,jonathan36@example.com,78,Male,02-24-16,Basic
293,Miss Melanie Gray,hollywhite@example.com,47,Female,02-27-12,Premium
294,Robert Mcguire,adamscynthia@example.org,80,Non-Binary,11-14-12,Platinum
295,Lauren Patterson,susanschneider@example.net,77,Male,05-25-06,Premium
296,Stephanie Bennett,melissahart@example.org,29,Male,05-30-10,Premium
297,Shelia Reyes,michael33@example.net,31,Male,07-03-20,Platinum
298,Tabitha Clark,jamesharrington@example.org,27,Other,02-02-20,Platinum
299,Richard Rodriguez,kwagner@example.com,18,Female,09-19-10,Platinum
300,Ms. Elizabeth Valencia,gregory91@example.com,53,Female,02-28-20,Basic
301,Sean Hernandez,snydergabrielle@example.org,30,Other,11-01-13,Premium
302,Erik Gonzalez,lindaray@example.org,47,Other,12-13-10,Basic
303,Jesus Oconnor,ramirezcolleen@example.com,47,Non-Binary,07-13-23,Basic
304,Jennifer Brown,melindaharris@example.net,63,Male,07-23-08,Platinum
305,Erin Reynolds,juliawall@example.net,48,Non-Binary,08-20-19,Premium
306,Shannon Hampton,ugordon@example.net,23,Male,02-12-16,Premium
307,Nicole Robbins,michael78@example.net,77,Female,08-21-23,Basic
308,Hailey Snyder,watkinsanthony@example.net,35,Female,10-19-02,Gold
309,Amanda Stewart,wmartin@example.com,46,Female,05-22-14,Basic
310,Elizabeth Henson,jeanne97@example.org,71,Female,03-13-07,Platinum
311,Gina Copeland,kelli66@example.org,62,Other,09-14-12,Platinum
312,Tamara Whitney,stephanie01@example.net,56,Other,11-18-03,Premium
313,Michael Wallace,jessicamccall@example.org,33,Other,04-29-17,Gold
314,Troy Evans,mhorton@example.com,58,Female,09-11-08,Basic
315,Jacqueline Tran,vancenicholas@example.com,78,Non-Binary,01-07-16,Premium
316,William Saunders,rachaelhansen@example.com,64,Female,05-27-14,Premium
317,Ricky Peterson,nichole03@example.net,29,Female,08-29-13,Gold
318,Carrie Collins,lisa36@example.net,50,Male,07-10-15,Platinum
319,Marco Woods,salazarjohn@example.org,19,Other,08-16-14,Premium
320,Wesley Thomas,aleach@example.com,31,Non-Binary,11-10-16,Platinum
321,Timothy Neal,newtonjohn@example.org,30,Other,07-19-23,Platinum
322,Patricia Edwards,abigail99@example.com,29,Non-Binary,05-26-24,Platinum
323,John Rowe,erinhamilton@example.org,48,Male,06-25-22,Basic
324,Gina Smith,jeffreyoconnell@example.com,72,Female,06-19-23,Basic
325,Jeffrey Williams,kruegerrobert@example.com,36,Female,04-18-13,Basic
326,Rhonda Miranda,fosteranne@example.org,27,Female,05-23-19,Premium
327,Amanda Blankenship,brad42@example.net,40,Other,11-13-06,Gold
328,Michael White,regina59@example.com,47,Female,05-28-06,Basic
329,Shannon Brown,greg26@example.net,60,Female,10-22-04,Basic
330,Lori Rose,melendezdavid@example.org,34,Female,10-14-12,Platinum
331,Rebecca Carter,maryburgess@example.net,29,Female,08-08-01,Premium
332,Patrick Meyer,reevesjennifer@example.org,44,Other,08-22-22,Basic
333,Debbie Adams,adamstricia@example.com,20,Other,07-07-04,Basic
334,Andrea Murphy,michele72@example.org,23,Male,03-27-06,Gold
335,Ricky Ramirez,wnelson@example.com,71,Other,03-18-21,Premium
336,Suzanne Blevins,dakota73@example.net,31,Other,11-11-00,Basic
337,Scott Wilson,lisa52@example.org,23,Male,12-22-00,Premium
338,Derek Hudson,michellekennedy@example.org,68,Male,10-17-04,Premium
339,Ashley Barber,vstone@example.net,64,Male,03-16-10,Platinum
340,Jared Bass,richard17@example.com,80,Male,08-18-13,Premium
341,Angela Smith,susan15@example.net,76,Female,01-10-24,Basic
342,Dean Salazar,staylor@example.com,54,Male,06-04-01,Basic
343,Bryan Aguilar,allenmaureen@example.org,39,Male,05-06-12,Platinum
344,Gregory Patel,qhurst@example.com,40,Male,05-16-16,Platinum
345,Daniel Bailey,kruegerkristen@example.org,19,Female,05-27-12,Gold
346,Emily Davis,ymurray@example.org,25,Female,03-30-11,Premium
347,Sherri Day,annjackson@example.org,23,Female,09-14-21,Platinum
348,Marcus Martinez,sarahmaxwell@example.com,28,Other,07-27-23,Basic
349,Amy Roach,sharon06@example.org,57,Male,05-21-12,Basic
350,Tiffany Romero,elizabeth17@example.org,32,Other,02-17-20,Premium
351,Joseph Mahoney,cdaniels@example.org,67,Female,08-10-20,Basic
352,Allison Johnson,joshua20@example.com,76,Male,10-16-19,Platinum
353,Mary Allen,jasonsullivan@example.com,76,Female,05-08-01,Gold
354,Andrea Sherman,amandasimmons@example.org,29,Male,03-19-13,Premium
355,Laura Long,ocunningham@example.net,25,Other,06-20-23,Platinum
356,William Lucas,wgallegos@example.net,34,Female,06-13-01,Basic
357,Megan Stewart,william86@example.net,35,Other,08-11-16,Gold
358,Kimberly Green,mirandabrown@example.org,29,Non-Binary,05-13-01,Platinum
359,Kenneth Alexander,fwade@example.com,59,Male,10-23-05,Basic
360,Lynn Huber,matthewsdavid@example.org,70,Male,05-31-04,Gold
361,Meghan Maldonado,christopherwhite@example.org,32,Other,03-07-07,Gold
362,Marco Hampton,jeffreymitchell@example.net,60,Non-Binary,11-14-02,Premium
363,Colin Allen,qcox@example.net,29,Non-Binary,04-08-09,Basic
364,Betty Williams,kevin76@example.org,71,Other,05-13-19,Platinum
365,Christine Lewis,kevin15@example.org,36,Non-Binary,06-27-19,Platinum
366,Michael Taylor,kperry@example.com,56,Other,10-24-11,Premium
367,Mrs. Kimberly Smith DDS,duanedavidson@example.com,25,Male,10-22-22,Premium
368,Richard Avila,anitagreene@example.com,39,Male,10-21-12,Premium
369,Virginia Jackson,larryturner@example.com,49,Female,07-01-22,Basic
370,Teresa Patel,ortizapril@example.net,48,Other,06-02-18,Gold
371,Michael Davis,leeholder@example.net,36,Female,04-26-23,Premium
372,Dustin Branch,atkinslindsay@example.com,42,Female,02-21-11,Premium
373,Amy Dalton,uzhang@example.org,54,Non-Binary,11-20-11,Gold
374,Jonathan West,tstephenson@example.net,59,Non-Binary,08-24-18,Platinum
375,Joanna Jones,campbellchristopher@example.net,49,Male,09-08-18,Premium
376,Laura Sosa,allisonmorgan@example.net,68,Male,06-23-12,Platinum
377,Sarah Hammond,gina11@example.org,62,Male,10-23-08,Platinum
378,Oscar Flores,trantyler@example.com,45,Other,05-21-20,Gold
379,Melissa Brown,pponce@example.org,45,Non-Binary,06-24-22,Platinum
380,Belinda Martin,skaufman@example.org,48,Non-Binary,09-19-14,Premium
381,Joseph Salas,victoriabird@example.com,68,Other,11-18-15,Basic
382,Charles Bright,hpalmer@example.com,24,Female,10-25-05,Gold
383,Mr. Michael Gonzalez,wangeddie@example.org,51,Male,05-03-04,Gold
384,Robert Webb,aguirreeric@example.com,67,Male,07-12-14,Premium
385,Francisco Alexander,rhill@example.com,57,Non-Binary,12-02-12,Basic
386,Lori Taylor,nelsonjennifer@example.org,27,Female,08-04-24,Platinum
387,Kristina Frazier,ryan99@example.com,53,Male,11-30-05,Gold
388,Matthew Johnson,martinbrian@example.net,47,Male,07-11-09,Gold
389,Brian Michael,rickybruce@example.net,68,Female,07-19-04,Gold
390,Michael Suarez,steve88@example.net,34,Female,09-02-19,Gold
391,Maria Ingram,dustin15@example.com,40,Other,10-29-14,Platinum
392,Patrick Turner,andersondavid@example.com,57,Other,01-09-11,Basic
393,Ms. Jennifer Acosta,laurencain@example.org,42,Male,11-16-18,Gold
394,David Wilson,bhudson@example.net,27,Non-Binary,07-07-18,Platinum
395,Gary Smith,rsmith@example.net,29,Non-Binary,08-06-16,Gold
396,Angel Hernandez,jasonstevens@example.org,50,Non-Binary,11-26-16,Premium
397,Tyler Schneider,fmitchell@example.com,75,Female,08-28-01,Basic
398,Alexandra Brown,malexander@example.net,80,Other,10-08-06,Platinum
399,David Jones,laurenstokes@example.com,79,Male,07-09-00,Gold
400,Nicole Patrick,robert70@example.org,53,Other,06-02-06,Gold
401,Stacey Weaver,rivaswilliam@example.com,70,Female,01-11-04,Basic
402,Carl Phelps,jennifer61@example.net,48,Non-Binary,05-12-24,Platinum
403,Jody Gonzalez,debra16@example.com,47,Female,02-08-13,Basic
404,Kimberly Wilson,glopez@example.com,64,Male,10-24-21,Gold
405,Pamela Wilson,robert86@example.net,68,Female,08-11-17,Basic
406,Wendy Rivera,ryan92@example.org,63,Non-Binary,03-12-23,Gold
407,Tyler Hardin,dmason@example.net,34,Male,11-21-04,Premium
408,Christine Shaffer,vdouglas@example.com,21,Other,03-03-22,Platinum
409,Adam Powers,rickrangel@example.net,61,Male,04-02-00,Platinum
410,David Jones,anthonymoore@example.net,24,Female,02-23-03,Platinum
411,Randy Bullock,tiffanyschwartz@example.net,75,Female,11-19-14,Gold
412,Danielle Taylor,hbrown@example.com,62,Other,03-11-05,Gold
413,Kristen Taylor,alimichelle@example.com,72,Male,02-03-09,Basic
414,Andrea Stewart,roberthawkins@example.net,46,Female,08-16-00,Premium
415,Matthew King,davidbrown@example.org,69,Male,06-04-11,Basic
416,Greg Peterson,lmunoz@example.com,40,Non-Binary,02-07-14,Basic
417,Amy Powers,ysmith@example.org,64,Male,11-30-12,Premium
418,Daniel Mcdowell,maureensmith@example.net,23,Non-Binary,09-20-21,Platinum
419,Jacob Smith,raymondstevenson@example.net,67,Other,08-14-24,Basic
420,Lisa Robles,waterstimothy@example.org,48,Non-Binary,01-04-06,Premium
421,Patrick Washington,susanparks@example.com,61,Other,07-23-17,Premium
422,David Elliott,jason01@example.net,50,Other,04-08-13,Premium
423,Scott Jones,obrooks@example.org,68,Non-Binary,07-12-10,Premium
424,Nathan Jacobs,gregorybates@example.com,69,Male,05-08-19,Platinum
425,Erica Nguyen,xtate@example.org,38,Other,07-27-06,Gold
426,Jane Brooks,michael61@example.com,20,Non-Binary,12-02-15,Premium
427,Brandon Mckenzie,gabrielle68@example.com,76,Other,09-08-07,Basic
428,Gregory Kelly,ujohnson@example.com,22,Female,11-13-10,Platinum
429,Corey Martinez,wesleycarson@example.org,35,Other,11-13-19,Basic
430,Angela Atkins,sullivanlaura@example.com,68,Female,12-10-23,Premium
431,Mr. Nathaniel Garcia,dwilson@example.org,41,Female,07-10-03,Gold
432,Cassandra Duncan,erin21@example.com,80,Non-Binary,03-06-21,Basic
433,Rebecca Roberts,gonzalezrobert@example.org,64,Female,01-31-12,Gold
434,Mariah Brown,rebecca58@example.org,54,Male,06-22-01,Basic
435,Sherri Taylor,ellistiffany@example.com,22,Male,07-14-19,Platinum
436,Theodore Kelly,kendramorgan@example.org,70,Other,05-05-04,Premium
437,Jessica Norton,oyoung@example.net,29,Other,08-24-05,Premium
438,Troy Shaw,ewilkinson@example.net,43,Other,11-29-06,Premium
439,Thomas Day,erinwilson@example.net,18,Female,05-13-19,Basic
440,Todd Delacruz,harrisonkaren@example.com,34,Female,08-11-16,Premium
441,Robert Rivera,emora@example.net,71,Non-Binary,12-11-09,Basic
442,Kevin Gutierrez,elizabethnash@example.org,21,Other,11-03-00,Gold
443,Angelica Reilly,renee95@example.com,18,Other,05-26-15,Premium
444,Joshua Ferguson,paulbowers@example.com,33,Female,10-27-12,Basic
445,Monica Meyer,uvaughn@example.com,65,Male,12-19-18,Basic
446,Edward West,robertsjennifer@example.net,80,Male,09-22-23,Basic
447,Caitlin Moon,laurie88@example.org,56,Non-Binary,04-05-17,Premium
448,Rodney Andrews,uryan@example.com,19,Other,05-09-09,Premium
449,David Moore,ginabarton@example.com,69,Male,05-25-07,Platinum
450,Alexandra Thomas,milesbrooke@example.com,56,Male,07-18-00,Premium
451,Mr. Anthony Jacobs,yramirez@example.org,22,Non-Binary,10-20-18,Gold
452,Steven Gallegos,morrismary@example.com,44,Male,07-17-05,Platinum
453,Charles Green,kellyjacob@example.net,27,Other,11-10-03,Basic
454,Evelyn Williams,pauljoshua@example.org,19,Other,02-10-23,Premium
455,Christopher Jackson,joseph45@example.com,78,Other,07-30-12,Platinum
456,Mr. Richard York,joshuavazquez@example.net,76,Male,05-22-21,Platinum
457,Mark Lewis,fernando83@example.net,79,Other,10-04-10,Basic
458,Gabriella Briggs,josephlane@example.org,70,Non-Binary,10-05-02,Platinum
459,Christopher Williams,bgibbs@example.com,40,Female,02-06-01,Platinum
460,David Stevens,olam@example.com,54,Female,08-20-09,Basic
461,Thomas Garcia,yrivas@example.net,24,Male,05-21-01,Premium
462,Sally Smith,rogersjuan@example.net,53,Non-Binary,08-13-05,Basic
463,Michael Smith,christina66@example.org,35,Other,01-26-01,Gold
464,Amy Stewart,mgarrett@example.org,46,Other,02-05-19,Platinum
465,Stephen Henson,douglasaaron@example.org,46,Non-Binary,02-21-20,Gold
466,Todd Crane,gregoryhatfield@example.net,30,Female,07-30-10,Gold
467,Scott Taylor,gregoryvincent@example.net,75,Non-Binary,05-14-23,Basic
468,Mark Gross,qzimmerman@example.net,28,Female,05-06-22,Gold
469,Amy Callahan,nmurphy@example.com,47,Male,05-01-18,Basic
470,Dr. Rebecca Berry,jwong@example.org,65,Female,09-29-15,Premium
471,Maria Murphy,bradley85@example.org,28,Non-Binary,07-11-16,Premium
472,Barbara Johnson,james13@example.net,77,Female,07-25-09,Gold
473,Sarah Suarez,jennifermiller@example.org,68,Female,02-18-05,Basic
474,Laura Ross,charlessnow@example.net,68,Female,08-29-12,Gold
475,Caleb Holder,ddavis@example.com,73,Non-Binary,06-03-09,Platinum
476,Ashley Ramos,choward@example.net,64,Other,03-12-24,Premium
477,Alisha Parker,katherine86@example.com,67,Male,02-09-24,Basic
478,Timothy Smith PhD,pmartin@example.com,31,Female,02-02-04,Basic
479,Dan Evans,nicolejohnson@example.net,41,Non-Binary,04-12-02,Gold
480,Kathleen Forbes,anthony06@example.com,25,Female,08-14-13,Platinum
481,Cynthia Hayes,vdaniels@example.com,68,Non-Binary,03-08-04,Platinum
482,Thomas Lara,thomasross@example.org,18,Male,02-05-10,Platinum
483,Tiffany Novak,rhendricks@example.com,25,Female,08-10-03,Basic
484,Alexis Jenkins,kevin97@example.com,48,Male,10-18-04,Platinum
485,Richard Carpenter,randykirk@example.org,27,Non-Binary,10-24-13,Basic
486,Tina Pugh,kwilliams@example.net,28,Other,07-11-04,Premium
487,Kelsey West,brooksyolanda@example.net,43,Male,04-20-22,Gold
488,Ryan Stanley,robertdalton@example.com,55,Non-Binary,12-03-20,Premium
489,Stacey Dunn,jsoto@example.com,24,Male,01-16-12,Gold
490,Jessica Mora,qpadilla@example.org,61,Non-Binary,04-28-23,Platinum
491,Mary Sullivan,dominicjohnson@example.com,43,Other,04-20-11,Basic
492,Jennifer Horne,kiarabest@example.net,49,Non-Binary,02-13-20,Premium
493,Kevin Johnson,gweaver@example.org,41,Male,06-17-16,Basic
494,Holly Wells,fgeorge@example.com,38,Other,03-08-04,Platinum
495,Dawn Perez,eric07@example.org,40,Other,06-25-21,Basic
496,Kelly Lambert,shudson@example.org,69,Male,08-30-08,Gold
497,Allison Martin,wmueller@example.net,51,Other,02-24-00,Basic
498,Joshua Durham,isaac87@example.org,62,Male,08-13-23,Premium
499,Tiffany Smith,marissagiles@example.net,43,Male,10-04-10,Premium
500,James Wade,amandareid@example.com,27,Other,03-04-21,Gold